Name,Description,Type,Mass (M☉),Radius,Distance (ly),Discovery Method,Disc. Year,Host Galaxy,Fun Facts
Intermediate Black Hole,"Intermediate black holes are hypothesized to bridge the gap between stellar-mass and supermassive black holes. They are thought to form in dense stellar environments—such as globular clusters—via runaway mergers of massive stars, with typical masses ranging from a few hundred to a few hundred thousand solar masses. These objects play a critical role in our understanding of black hole formation and the evolution of galaxies, potentially acting as seeds for the supermassive black holes that reside at galactic centers. Their detection remains challenging due to their relatively low luminosity and subtle gravitational influence, but emerging evidence from X-ray observations and gravitational wave signals supports their existence.",Intermediate,"~1,000 M☉","≈3,000 km (Schwarzschild radius)","≈12 million ly (e.g., in M82)",X-ray emission and timing analysis,2004,M82,"1. Bridge the gap between stellar and supermassive black holes. |
2. Likely form in dense star clusters. |
3. Challenging to detect due to low luminosity. |
4. May serve as seeds for supermassive black holes. |
5. Evidence emerging from X-ray and gravitational wave studies."
Stellar Black Hole,"Stellar black holes form from the gravitational collapse of massive stars following supernova explosions. They typically range from about 3 to several tens of solar masses and are characterized by an event horizon from which nothing, not even light, can escape. Often found in binary systems, these black holes reveal their presence through X-ray emissions from accreting matter and the orbital motion of companion stars. Their study has provided vital insights into stellar evolution, the end stages of massive stars, and the predictions of general relativity under extreme conditions.",Stellar,~10 M☉,≈30 km (Schwarzschild radius),"≈6,000 ly (e.g., Cygnus X-1)",X-ray observations and orbital motion studies,1964,Milky Way,"1. One of the first black hole candidates discovered. |
2. Often found in binary systems. |
3. Emit strong X-rays from accretion disks. |
4. Provided early tests of Einstein’s general relativity. |
5. Notable example is Cygnus X-1 in the constellation Cygnus."
Supermassive Black Hole,"Supermassive black holes reside at the centers of most galaxies and boast masses ranging from millions to billions of solar masses. They exert enormous gravitational influence, shaping the dynamics of their host galaxies, regulating star formation, and powering energetic phenomena such as relativistic jets. Observations of accretion disks and stellar orbits near these giants provide compelling tests of general relativity and offer insights into the co-evolution of galaxies and their central black holes. A prime example is Sagittarius A* at the center of the Milky Way, which has been extensively studied to understand these colossal entities.",Supermassive,~4×10^6 M☉,≈12 million km (Schwarzschild radius),"≈26,000 ly (distance to Sagittarius A*)",Infrared observations and stellar orbital dynamics,1994,Milky Way,"1. Typically found at galaxy centers. |
2. Can be billions of times more massive than the Sun. |
3. Their accretion disks emit enormous amounts of energy. |
4. Often launch powerful relativistic jets. |
5. Crucial for understanding galaxy formation and evolution."
