Name,Description,Area (sq. deg),Major Stars,Coordinates,History/Origin,Fun Facts
Aquarius,"Aquarius is a zodiac constellation traditionally depicted as the water-bearer. It features a loose arrangement of stars forming a figure pouring water.In myth and history, Aquarius has been associated with life-giving water, symbolizing creativity and humanitarianism. Its representation varies among cultures, making it a subject of both astronomical and astrological study.",~980,"Sadalmelik, Sadalsuud, Skat",RA ~22h–23h; Dec ~–0° to –25°,"Named from the Latin word for “water-bearer,” Aquarius has roots in ancient Babylonian and Greek mythology, where it symbolized abundance and life.","1. One of the oldest recognized constellations. |
2. Contains several notable galaxies. |
3. Its stars have been used for celestial navigation. |
4. Central to various astrological traditions. |
5. Its water imagery appears in many ancient artworks."
Aries,"Aries is a zodiac constellation represented as a ram, known for its bright, easily identifiable stars.Historically, Aries has symbolized initiation and courage, with its mythological ties to the ram of the Golden Fleece. Its modest star pattern has been significant in both ancient calendars and astrological lore.",~441,"Hamal, Sheratan, Mesarthim",RA ~1h–2h; Dec ~+10° to +30°,"The name “Aries” comes from Latin, meaning “ram.” It has been linked to ancient Mesopotamian and Greek myths that celebrate bravery and the renewal of life.","1. Marks the start of the zodiac cycle. |
2. Contains one of the brightest stars, Hamal. |
3. Associated with springtime in the Northern Hemisphere. |
4. Features in several ancient mythologies. |
5. Despite its small size, it holds great symbolic importance."
Ursa Major Big Dipper,"Ursa Major, also known as the Great Bear, is one of the largest and most recognizable constellations in the northern sky. It is famed for the asterism known as the Big Dipper, which has served as a navigational guide for centuries.This constellation holds deep mythological significance in various cultures, symbolizing strength and protection. Its prominent stars and distinctive shape have made it a cornerstone in both astronomy and folklore.",~1280,"Dubhe, Merak, Phecda, Megrez, Alioth, Mizar, Alkaid",RA ~8h–14h; Dec ~+40° to +70°,"Derived from Latin for “Great Bear,” its depiction as a bear dates back to ancient Greek and Native American traditions, often serving as a celestial compass in the northern skies.","1. Contains the famous Big Dipper asterism. |
2. Used for navigation across centuries. |
3. Visible all year in northern latitudes. |
4. Features double stars like Mizar. |
5. Central to many cultural and mythological stories."
Cancer,"Cancer is a zodiac constellation symbolized by a crab. Despite its faint appearance, it plays an important role in the zodiac and astronomical history.Its myth is intertwined with tales of Hercules and the battle against the Hydra. Though its stars are subtle, Cancer is home to notable open clusters that have fascinated observers since antiquity.",~506,"Al Tarf, Acubens",RA ~8h–9h; Dec ~+10° to +30°,"Named after the crab from Greek mythology, Cancer has been recognized since ancient times, often associated with the struggle between strength and vulnerability in various cultural traditions.","1. One of the faintest zodiac constellations. |
2. Home to the Beehive Cluster. |
3. Its stars form a delicate pattern. |
4. Historically challenging to observe without telescopes. |
5. Integral to several astrological interpretations."
Capricorn,"Capricorn is a zodiac constellation depicted as a sea-goat, merging features of both a goat and a fish. It displays a modest collection of stars that hint at its mythological duality.Capricorn’s imagery has been associated with the changing seasons and the merging of land and water. Its symbolism reflects themes of transformation and resilience, celebrated in diverse ancient cultures.",~414,"Deneb Algedi, Nashira",RA ~20h–21h; Dec ~–10° to –25°,"The constellation’s name is rooted in Latin, signifying a “goat” with a fish’s tail. Its mythological origins trace back to Babylonian and Greek traditions that symbolize fertility and transition.","1. Represents a hybrid creature. |
2. One of the zodiac’s older symbols. |
3. Its stars are relatively faint but significant. |
4. Associated with winter solstice phenomena in some cultures. |
5. Its dual nature reflects both terrestrial and aquatic elements."
Carina,"Carina is a prominent southern constellation, representing the keel of a ship. It is renowned for its bright stars and spectacular deep-sky objects.Carina has guided navigators in the southern hemisphere and is rich in astronomical history, stemming from its inclusion in the larger ancient constellation Argo Navis. Its impressive features continue to attract both professional and amateur astronomers.",~494,"Canopus, Miaplacidus",RA ~6h–7h; Dec ~–60° to –70°,"Derived from Latin for “keel,” Carina has long been associated with seafaring and exploration. It was part of the ancient Argo Navis, reflecting humanity’s enduring relationship with the sea and the stars.","1. Home to Canopus, the second-brightest star. |
2. Integral to the ancient ship Argo Navis. |
3. Rich in nebulae and star clusters. |
4. Vital for southern hemisphere navigation. |
5. Continues to be a focus of deep-sky research."
Crux (Southern Cross),"Crux is one of the smallest yet most distinctive constellations in the sky, widely recognized as the Southern Cross. It is a key navigational marker in the southern hemisphere.Crux has played a significant role in the cultural identities of southern nations, appearing on flags and emblems. Its compact formation of bright stars makes it easily identifiable and beloved by stargazers worldwide.",~68,"Acrux, Mimosa, Gacrux, Imai",RA ~11h–12h; Dec ~–60° to –70°,"With origins in ancient southern navigation, Crux has been a symbol of guidance and hope for indigenous cultures and explorers alike, celebrated for its striking appearance in the deep southern sky.","1. Despite its small size, it is highly prominent. |
2. Central to southern navigation. |
3. Features on several national flags. |
4. Contains a tightly grouped asterism. |
5. Rich in cultural and historical significance."
Gemini,"Gemini is a zodiac constellation symbolized by the twins, easily identifiable by its two bright stars.Mythologically linked to Castor and Pollux, Gemini has long been associated with duality, communication, and partnership. Its star pattern has been significant in both seasonal calendars and astrological traditions throughout history.",~514,"Castor, Pollux",RA ~6h–8h; Dec ~+10° to +30°,"The name “Gemini” means “twins” in Latin and is deeply embedded in Greek mythology, where the twin brothers represent the human spirit’s dual nature.","1. Houses two of the brightest twin stars. |
2. Represents duality and partnership. |
3. Prominent during winter in the northern sky. |
4. Its stars have guided ancient navigation. |
5. Integral to both astronomy and astrology."
Hydra,"Hydra is the largest of all 88 modern constellations, symbolizing a water serpent. Its sprawling form covers a vast area of the sky.Hydra’s mythological background is linked to the multi-headed serpent of Greek lore, and its extensive reach makes it a fascinating subject for studies of celestial structure. Its varied brightness and lengthy shape continue to intrigue astronomers and skywatchers.",~1303,"Alphard, Gamma Hydrae",RA ~8h–11h; Dec ~–20° to +10°,"Rooted in Greek mythology, Hydra represents a fearsome serpent and has been depicted in various forms across cultures, often symbolizing chaos and renewal.","1. Largest constellation by area. |
2. Contains the bright red star Alphard. |
3. Its long shape stretches across the sky. |
4. Associated with mythological battles. |
5. Features numerous deep-sky objects."
Leo,"Leo is a striking zodiac constellation depicted as a lion, renowned for its regal and robust appearance.It has been a symbol of strength, royalty, and valor across multiple cultures, with its bright stars playing a key role in ancient celestial lore. Leo’s distinctive pattern, including a notable “sickle” shape, has made it a favorite among stargazers and astrologers alike.",~947,"Regulus, Denebola, Algieba",RA ~9h–11h; Dec ~0° to +20°,"Leo’s depiction as a lion is rooted in ancient Greek and Mesopotamian mythology, symbolizing leadership and courage. Its imagery has been consistently celebrated throughout human history.","1. Contains one of the brightest stars, Regulus. |
2. Associated with the myth of the Nemean Lion. |
3. Represents royalty and power. |
4. Its pattern is easily recognizable. |
5. Frequently featured in art and literature."
Libra,"Libra is a zodiac constellation represented by the scales, embodying the concepts of balance and justice.Though its stars form a relatively subtle pattern, Libra’s symbolic significance has made it a central feature in astrological charts and cultural mythologies across civilizations. Its association with equilibrium has also linked it to various philosophical traditions.",~538,"Zubeneschamali, Zubenelgenubi",RA ~14h–16h; Dec ~–10° to +10°,"Libra’s origins are intertwined with ancient Egyptian and Greek traditions, where the scales represented cosmic balance and justice. Its depiction has evolved into a symbol of fairness in modern astrology.","1. Represents balance and harmony. |
2. One of the zodiac’s most subtle patterns. |
3. Its stars have unique, evocative names. |
4. Historically linked to judicial symbolism. |
5. Inspires discussions on equilibrium in nature."
Lyra,"Lyra is a small yet prominent constellation, symbolized by the lyre, a stringed musical instrument.Renowned for its association with the myth of Orpheus and the heavenly music that charmed the gods, Lyra has been a beacon for both mythology and modern astronomy. Its compact form is dominated by Vega, one of the brightest stars in the night sky, making it a vital fixture in celestial mapping.",~286,"Vega, Sheliak",RA ~18h–19h; Dec ~+30°–+40°,"The name “Lyra” comes from the Greek word for lyre. Its musical heritage is celebrated in myth, linking it to the legendary musician Orpheus and underscoring its historical significance in astronomy.","1. Home to Vega, one of the brightest stars. |
2. Often used as a calibration point in astronomy. |
3. Associated with ancient musical myths. |
4. Its compact shape makes it easily identifiable. |
5. Inspires artistic as well as scientific interest."
Orion,"Orion is one of the most famous constellations, known as the hunter in Greek mythology. It features a brilliant array of stars, including a distinctive belt that has captured the human imagination for millennia.Orion’s mythology spans multiple cultures, with its figure representing strength and valor. Its rich stellar composition, including prominent nebulae and variable stars, makes it a key subject of astronomical research and popular observation.",~594,"Betelgeuse, Rigel, Bellatrix, Saiph, Orion Belt Stars",RA ~5h–6h; Dec ~–10° to +10°,"Named after the mythological hunter Orion, this constellation is steeped in lore from Greek, Egyptian, and many other cultures, often symbolizing the eternal struggle between light and darkness.","1. Contains the famous Orion Nebula. |
2. Its belt forms one of the most recognizable patterns. |
3. Features stars of varied colors and sizes. |
4. Central to numerous myths and legends. |
5. Serves as a key navigational aid in winter skies."
Pisces,"Pisces is a zodiac constellation represented by two fish, often depicted as swimming in opposite directions yet bound together.Its imagery has deep mythological roots, symbolizing both duality and unity. In ancient lore, Pisces was associated with themes of transformation and the cyclical nature of life, making it a perennial subject of astrological and cultural narratives.",~889,"Alpherg, Alrescha",RA ~23h–1h; Dec ~+0° to +30°,"Pisces derives from Latin and ancient Babylonian mythology, where the fish symbolized fertility, transformation, and the eternal flow of life, influencing its role in both astronomy and astrology.","1. Depicts a pair of bound fish. |
2. Represents duality and balance. |
3. Its imagery is featured in many cultural artworks. |
4. Has been a symbol of rebirth in various mythologies. |
5. Plays a key role in astrological interpretations."
Sagittarius,"Sagittarius is a zodiac constellation portrayed as an archer, typically depicted as a centaur aiming a bow.Located toward the center of the Milky Way, it is rich in nebulae and star clusters, making it a vibrant region for astronomical study. Its mythological roots are steeped in the traditions of Greek and Roman lore, symbolizing the eternal quest for knowledge and adventure.",~867,"Kaus Australis, Nunki, Ascella",RA ~18h–20h; Dec ~–45° to –10°,"The name “Sagittarius” comes from Latin, meaning “archer.” Its depiction as a centaur armed with a bow reflects ancient mythological themes of strength, duality, and the pursuit of celestial wisdom.","1. Points toward the galactic center. |
2. Contains many star clusters and nebulae. |
3. Its imagery has inspired countless legends. |
4. A favorite target for deep-sky observations. |
5. Represents the spirit of adventure and exploration."
Scorpius,"Scorpius is a striking zodiac constellation depicted as a scorpion, easily recognized by its curved tail and prominent stinger.Its vivid imagery and mythological background—most notably its legendary battle with Orion—have made Scorpius a centerpiece in both ancient lore and modern stargazing. The constellation’s bright red star, Antares, serves as a dramatic focal point, further enhancing its mystique.",~497,"Antares, Shaula, Sargas",RA ~16h–17h; Dec ~–30° to –10°,"The name “Scorpius” is Latin for scorpion, reflecting its fierce appearance. Its myth is interwoven with the story of Orion, where the scorpion was sent to defeat the great hunter, cementing its place in celestial mythology.","1. Home to Antares, a bright red supergiant. |
2. Its shape distinctly resembles a scorpion. |
3. Prominently visible in summer skies of the southern hemisphere. |
4. Central to many mythological tales. |
5. Often used as a symbol of intensity and passion in astrology. "
Taurus,"Taurus is a prominent zodiac constellation depicted as a bull, celebrated for its bright stars and star clusters.It features notable celestial objects such as the Pleiades and Hyades, and its robust appearance has made it a symbol of strength and fertility in many ancient cultures. Taurus’ depiction as a bull has deep mythological roots that have influenced art, literature, and astrology over the centuries.",~797,"Aldebaran, Pleiades, Hyades",RA ~3h–5h; Dec ~+10° to +30°,"Taurus is rooted in ancient Mesopotamian and Greek mythologies, where the bull symbolized power, virility, and resilience. Its enduring legacy is reflected in its continued prominence in cultural and astrological contexts.","1. Contains the bright star Aldebaran. |
2. Home to the famous Pleiades star cluster. |
3. Symbolizes strength and fertility. |
4. Its pattern has been depicted in ancient art. |
5. Plays a key role in seasonal agricultural lore."
Virgo,"Virgo is a vast zodiac constellation depicted as a maiden, often associated with harvest and fertility.Its extensive star field includes numerous galaxies and nebulae, making Virgo a rich area for astronomical exploration. The mythological ties to goddesses of agriculture and purity have made Virgo a symbol of abundance and grace throughout human history.",~1294,"Spica, Porrima, Vindemiatrix",RA ~12h–14h; Dec ~–5° to +15°,"The name “Virgo” originates from Latin, meaning “maiden,” and its depiction is linked to various fertility goddesses in Greek and Roman mythology. Its storied past has cemented its status as one of the most studied constellations.","1. Home to the bright star Spica. |
2. Contains numerous galaxies and clusters. |
3. Largest zodiac constellation by area. |
4. Rich in mythological and astrological symbolism. |
5. Continues to be a prime target for deep-sky research."
